case,r1_max_px,r1,r2,r3,output_sha256,matches_cuda_bits,median_us
deform_corners fam=1,1.1920928955078125e-5,PASS,PASS,PASS,59b2f362ef94febf6da087752ea0e9520b94b960c8cd7f723fd020c3ddc0ccd2,true,20.479
deform_corners fam=2,2.384185791015625e-5,PASS,PASS,PASS,9b45a2148998d63f9b0aadfe83111ad2a0b89aeec205d244c39ba0eb71870ca7,true,22.2765
deform_corners fam=3,1.1920928955078125e-5,PASS,PASS,PASS,8434a9c460614f32b54cb6c5552c694fb8dd75f8628fc37b9ba58eedf5b20ec6,true,22.621499999999997
reconstruct,1.7881393432617188e-5,PASS,PASS,PASS,22c9f88655ae45a34ba08d04657980cb4f30ef0e0b78a482c39af2e47a3e8a1e,true,20.8765
pair_dev,0.0030517578125,PASS,PASS,PASS,6e3882299acaf606702605351a40aa2127182741389076c27023469e982386e4,true,17.842
fused_deform_reconstruct fam=1,1.1920928955078125e-5,PASS,PASS,PASS,6a8977affff8205d602c87f943177d23d5450b104d2b94afce2a03d90477159b,true,24.6045
fused_deform_reconstruct fam=2,2.384185791015625e-5,PASS,PASS,PASS,c39d373f0dccbb1eab0b9c1bbb962229382e5a21ec688df37311afd2c18c9094,true,23.579500000000003
fused_deform_reconstruct fam=3,2.384185791015625e-5,PASS,PASS,PASS,25869ee71a82ea56254301c7366566f8eb389fbfcb4dc1cabd3d370d167876f0,true,22.978
fused_batched_wind,1.7881393432617188e-5,PASS,PASS,PASS,ffe600b4dc3e8bfe118497e00f6606829d578b5b79bbfa4f6220f51fee3cd6cc,true,24.4195
reconstruct_batched,2.384185791015625e-5,PASS,PASS,PASS,e27d57b69b7f44c8efca82e8dde976751984ddd9ff0c49dcc719c3168a4adc3a,true,28.936999999999998
rot_direct,1.1920928955078125e-5,PASS,PASS,PASS,2677dd10616c021f26c7e6e54a475801afc1412155adae3cce1e8b91f471387f,true,17.694000000000003
lbs,3.5762786865234375e-5,PASS,PASS,PASS,345532e18ccdecda96087b86426944a5ccb64a851449cd359e7712814a0389fe,true,23.121000000000002
morph_lerp,1.1920928955078125e-5,PASS,PASS,PASS,4fc2dcb73bdf2c3985a9aa0cac01689e8ec995015e1141fe2a5352f2dda272d0,true,18.360999999999997
fused_batched_shared,2.384185791015625e-5,PASS,PASS,PASS,0f7aa40dd3756a18f762482a954103c5737f50e4042c273f1c505408b0a0f54b,true,23.5325
probe_div,0.0,PASS,PASS,PASS,782bb356dd1538bd3875c1635a934840a687a7eba7f7df4d5305c73f59617454,true,17.259999999999998
