# Spiral H2 — CUDA wind N-ladder (portable driver, backend cpu)
# device: KernelAbstractions CPU() (1 threads)
# backend: cpu via KernelAbstractions 0.9.43, workgroup 256
# job: close the P0 comparator gap — the CUDA wind family measured across the same N-ladder {1,8,32,128} the Vulkan port runs, so P0-G4 can assert a same-(class,N) 2x claim for wind instead of the weaker same-cell substitute
# kernel: H's fused_deform_reconstruct! wind branch, batched per Spiral I's A_param contract (shared resident cage + weights, one dispatch over ntot=N*nV, 0 B/frame)
# timing: Spiral I protocol (capture->instantiate->launch, wall_us median of 25 after 5 warmups, thr=256) — deliberately NOT H's timing, so both pin families share one measurement protocol
# params: A=0.2 phi=0.7 (H's wind constants, identical to the P0 driver's)
# gates: HF2-G0 provenance + harness self-check; HF2-G1 identity vs host f32 wind path at every (class,N), bound 4*eps(f32)*maxcoord; HF2-G2 stable columns byte-identical x2
# ladder rows: kind,family,name,h,tets,verts,N,ntot,reps,wall_us,dev_us,ident_max
# pin protocol: stable columns = kind..reps + ident_max (us_* are machine-state)
ladder,wind,blob,0.28,1100,10242,1,10242,25,619.39,703.91,1.192e-07
ladder,wind,blob,0.28,1100,10242,8,81936,25,4975.73,4843.91,1.192e-07
ladder,wind,blob,0.28,1100,10242,32,327744,25,19230.14,19699.35,1.192e-07
ladder,wind,blob,0.28,1100,10242,128,1310976,25,79008.25,78086.67,1.192e-07
ladder,wind,teapot,0.3,500,392,1,392,25,23.05,23.72,0.000e+00
ladder,wind,teapot,0.3,500,392,8,3136,25,184.75,176.73,0.000e+00
ladder,wind,teapot,0.3,500,392,32,12544,25,720.52,718.13,0.000e+00
ladder,wind,teapot,0.3,500,392,128,50176,25,2835.02,3142.23,0.000e+00
ladder,wind,icosphere2,0.3,906,162,1,162,25,10.33,10.41,5.960e-08
ladder,wind,icosphere2,0.3,906,162,8,1296,25,82.68,71.17,5.960e-08
ladder,wind,icosphere2,0.3,906,162,32,5184,25,329.95,333.02,5.960e-08
ladder,wind,icosphere2,0.3,906,162,128,20736,25,1176.72,1245.59,5.960e-08
ladder,wind,robot,0.13,435,48,1,48,25,2.99,3.00,4.470e-08
ladder,wind,robot,0.13,435,48,8,384,25,26.95,21.07,4.470e-08
ladder,wind,robot,0.13,435,48,32,1536,25,83.47,83.69,4.470e-08
ladder,wind,robot,0.13,435,48,128,6144,25,366.16,336.84,4.470e-08
ladder,wind,conifer,0.6,226,3508,1,3508,25,201.01,206.92,2.384e-07
ladder,wind,conifer,0.6,226,3508,8,28064,25,1666.60,1703.19,2.384e-07
ladder,wind,conifer,0.6,226,3508,32,112256,25,6187.55,6203.76,2.384e-07
ladder,wind,conifer,0.6,226,3508,128,449024,25,25397.48,25288.97,2.384e-07
ladder,wind,plate,0.3,96,289,1,289,25,17.36,17.44,1.192e-07
ladder,wind,plate,0.3,96,289,8,2312,25,138.88,139.20,1.192e-07
ladder,wind,plate,0.3,96,289,32,9248,25,574.17,560.32,1.192e-07
ladder,wind,plate,0.3,96,289,128,36992,25,2330.84,2308.40,1.192e-07
ladder,wind,grass,0.16,93,120,1,120,25,7.67,7.95,5.960e-08
ladder,wind,grass,0.16,93,120,8,960,25,52.47,52.68,5.960e-08
ladder,wind,grass,0.16,93,120,32,3840,25,210.16,213.61,5.960e-08
ladder,wind,grass,0.16,93,120,128,15360,25,845.01,846.55,5.960e-08
