# Spiral F — GPU frame pricing (portable driver, backend cuda)
# device: NVIDIA GeForce RTX 5060 cap 12.0.0
# cuda runtime: 13.3.0
# backend: cuda via KernelAbstractions 0.9.43, workgroup 256
# timing: median of 25 reps after 3 warmup launches; us_wall includes launch+sync, us_dev is device time
# blob h=0.28 tets=1100 (pin ok) self-check max=0.00e+00
# teapot h=0.30 tets=500 (pin ok) self-check max=0.00e+00
# icosphere2 h=0.30 tets=906 (pin ok) self-check max=0.00e+00
# robot h=0.13 tets=435 (pin ok) self-check max=0.00e+00
# conifer h=0.60 tets=226 (pin ok) self-check max=0.00e+00
# plate h=0.30 tets=96 (pin ok) self-check max=0.00e+00
# grass h=0.16 tets=93 (pin ok) self-check max=0.00e+00
# perf hypotheses: all held on this backend
# perf rows: kind,name,h,tets,verts,family,us_wall_deform,us_dev_deform,us_wall_recon,us_dev_recon,us_wall_frame,us_dev_frame,reps,tets_per_us_frame,ident_max,dev_px95_cpugpu
perf,blob,0.28,1100,10242,wind,20.00,14.53,20.73,14.14,40.73,28.67,25,27.01,1.192e-07,0.0000
perf,blob,0.28,1100,10242,fold4,15.60,13.70,17.79,15.07,33.38,28.77,25,32.95,2.384e-07,0.0000
perf,teapot,0.3,500,392,wind,16.54,13.50,17.16,15.14,33.70,28.64,25,14.84,1.192e-07,0.0000
perf,teapot,0.3,500,392,fold4,15.87,13.02,17.53,15.10,33.39,28.13,25,14.97,1.192e-07,0.0000
perf,icosphere2,0.3,906,162,wind,16.20,13.54,18.29,14.30,34.49,27.84,25,26.27,5.960e-08,0.0000
perf,icosphere2,0.3,906,162,fold4,15.75,13.50,17.47,13.76,33.22,27.26,25,27.27,1.192e-07,0.0000
perf,robot,0.13,435,48,wind,14.83,11.01,15.77,12.06,30.60,23.07,25,14.22,1.192e-07,0.0000
perf,robot,0.13,435,48,fold4,14.55,11.52,15.76,11.74,30.31,23.26,25,14.35,1.192e-07,0.0000
perf,conifer,0.6,226,3508,wind,16.27,13.06,19.33,12.83,35.61,25.89,25,6.347,9.537e-07,0.0000
perf,conifer,0.6,226,3508,fold4,16.24,13.47,17.70,14.14,33.94,27.62,25,6.659,9.537e-07,0.0000
perf,plate,0.3,96,289,wind,16.02,12.10,16.51,13.18,32.53,25.28,25,2.951,1.192e-07,0.0000
perf,plate,0.3,96,289,fold4,15.48,11.55,16.60,13.28,32.08,24.83,25,2.993,1.192e-07,0.0000
perf,grass,0.16,93,120,wind,15.44,12.03,17.31,13.73,32.75,25.76,25,2.84,1.192e-07,0.0000
perf,grass,0.16,93,120,fold4,15.00,11.71,16.47,13.54,31.47,25.25,25,2.955,1.192e-07,0.0000
# cap rows: kind,name,h,tets,duty_ms,instances_in_duty (derived, not pinned)
cap,blob,0.28,1100,2.0,49
cap,blob,0.28,1100,4.0,98
cap,blob,0.28,1100,8.0,196
cap,blob,0.28,1100,2.0,59
cap,blob,0.28,1100,4.0,119
cap,blob,0.28,1100,8.0,239
cap,teapot,0.3,500,2.0,59
cap,teapot,0.3,500,4.0,118
cap,teapot,0.3,500,8.0,237
cap,teapot,0.3,500,2.0,59
cap,teapot,0.3,500,4.0,119
cap,teapot,0.3,500,8.0,239
cap,icosphere2,0.3,906,2.0,57
cap,icosphere2,0.3,906,4.0,115
cap,icosphere2,0.3,906,8.0,231
cap,icosphere2,0.3,906,2.0,60
cap,icosphere2,0.3,906,4.0,120
cap,icosphere2,0.3,906,8.0,240
cap,robot,0.13,435,2.0,65
cap,robot,0.13,435,4.0,130
cap,robot,0.13,435,8.0,261
cap,robot,0.13,435,2.0,65
cap,robot,0.13,435,4.0,131
cap,robot,0.13,435,8.0,263
cap,conifer,0.6,226,2.0,56
cap,conifer,0.6,226,4.0,112
cap,conifer,0.6,226,8.0,224
cap,conifer,0.6,226,2.0,58
cap,conifer,0.6,226,4.0,117
cap,conifer,0.6,226,8.0,235
cap,plate,0.3,96,2.0,61
cap,plate,0.3,96,4.0,122
cap,plate,0.3,96,8.0,245
cap,plate,0.3,96,2.0,62
cap,plate,0.3,96,4.0,124
cap,plate,0.3,96,8.0,249
cap,grass,0.16,93,2.0,61
cap,grass,0.16,93,4.0,122
cap,grass,0.16,93,8.0,244
cap,grass,0.16,93,2.0,63
cap,grass,0.16,93,4.0,127
cap,grass,0.16,93,8.0,254
# gates: F-G0 tets==pin & self-check; F-G1(a) ident<=4eps*maxcoord & (b) dev_px95_cpugpu<=0.02; F-G2 us_wall_frame<=500
# pin protocol: stable columns = kind,name,h,tets,verts,family,reps,ident_max (us_*/derived are machine-state)
